column,dtype,missing_values,unique_values
id,int64,0,50000
cat1,str,0,2
cat2,str,0,2
cat3,str,0,2
cat4,str,0,2
cat5,str,0,2
cat6,str,0,2
cat7,str,0,2
cat8,str,0,2
cat9,str,0,2
cat10,str,0,2
cat11,str,0,2
cat12,str,0,2
cat13,str,0,2
cat14,str,0,2
cat15,str,0,2
cat16,str,0,2
cat17,str,0,2
cat18,str,0,2
cat19,str,0,2
cat20,str,0,2
cat21,str,0,2
cat22,str,0,2
cat23,str,0,2
cat24,str,0,2
cat25,str,0,2
cat26,str,0,2
cat27,str,0,2
cat28,str,0,2
cat29,str,0,2
cat30,str,0,2
cat31,str,0,2
cat32,str,0,2
cat33,str,0,2
cat34,str,0,2
cat35,str,0,2
cat36,str,0,2
cat37,str,0,2
cat38,str,0,2
cat39,str,0,2
cat40,str,0,2
cat41,str,0,2
cat42,str,0,2
cat43,str,0,2
cat44,str,0,2
cat45,str,0,2
cat46,str,0,2
cat47,str,0,2
cat48,str,0,2
cat49,str,0,2
cat50,str,0,2
cat51,str,0,2
cat52,str,0,2
cat53,str,0,2
cat54,str,0,2
cat55,str,0,2
cat56,str,0,2
cat57,str,0,2
cat58,str,0,2
cat59,str,0,2
cat60,str,0,2
cat61,str,0,2
cat62,str,0,2
cat63,str,0,2
cat64,str,0,2
cat65,str,0,2
cat66,str,0,2
cat67,str,0,2
cat68,str,0,2
cat69,str,0,2
cat70,str,0,2
cat71,str,0,2
cat72,str,0,2
cat73,str,0,3
cat74,str,0,3
cat75,str,0,2
cat76,str,0,3
cat77,str,0,4
cat78,str,0,4
cat79,str,0,4
cat80,str,0,4
cat81,str,0,4
cat82,str,0,4
cat83,str,0,4
cat84,str,0,4
cat85,str,0,4
cat86,str,0,4
cat87,str,0,4
cat88,str,0,4
cat89,str,0,6
cat90,str,0,6
cat91,str,0,8
cat92,str,0,6
cat93,str,0,5
cat94,str,0,7
cat95,str,0,5
cat96,str,0,8
cat97,str,0,7
cat98,str,0,5
cat99,str,0,15
cat100,str,0,15
cat101,str,0,15
cat102,str,0,8
cat103,str,0,13
cat104,str,0,17
cat105,str,0,17
cat106,str,0,17
cat107,str,0,19
cat108,str,0,11
cat109,str,0,73
cat110,str,0,116
cat111,str,0,16
cat112,str,0,51
cat113,str,0,56
cat114,str,0,17
cat115,str,0,22
cat116,str,0,266
cont1,float64,0,597
cont2,float64,0,32
cont3,float64,0,74
cont4,float64,0,111
cont5,float64,0,132
cont6,float64,0,2214
cont7,float64,0,4426
cont8,float64,0,189
cont9,float64,0,311
cont10,float64,0,164
cont11,float64,0,292
cont12,float64,0,295
cont13,float64,0,331
cont14,float64,0,12413
loss,float64,0,47525
