Feature,Importance
cat80,0.2283286192673502
cat79,0.21167266016075012
cont7,0.1390478786300099
cat57,0.06754521638939137
cont2,0.06510040140181929
cat101,0.050939724745364345
cat81,0.030100549521516275
cat12,0.028105923923232818
cat87,0.02493771082975656
cont12,0.018046819164272927
cont14,0.014213021578592205
cat111,0.01215066375984367
cat103,0.012070314972589471
cat1,0.011400592792093754
cat114,0.011105161122416928
cont11,0.009764123468139147
cat72,0.007531035573771037
cat53,0.007399878972903858
cat116,0.00709750765040877
cont3,0.006265076746895911
cat100,0.004786019159491461
cat44,0.003703481895302758
cat38,0.003426784809357052
cat73,0.002835320059866649
cont6,0.0025478473229839454
cat26,0.0021893179081770363
cat37,0.0020574015361329674
cat2,0.0015319691409201156
cat82,0.0013317239639219567
cat4,0.0012465615957771646
cat71,0.0010634553034056132
cat5,0.0010288925451815128
cat115,0.0009276649246408599
cat27,0.0008612207774604541
cat11,0.0007813958049481402
cat23,0.0007662098708373177
cat106,0.0005440533575480795
cat109,0.0005169915883770355
cat36,0.0005049928099304792
cat6,0.0004474050123055016
cat112,0.0004128468431527838
cont1,0.00039319454865451264
cont8,0.0003100534051962425
cat104,0.0002778223844926994
cat25,0.00027768701932764006
cat9,0.00025948824670303186
cat68,0.0002471519052181638
cat88,0.00020645528623635512
cont13,0.00020247754968936795
cat94,0.00019837284871109464
cat113,0.00018524946879502712
cat105,0.00017834509707491782
cont9,0.00016586927898076698
cat7,0.00016201663439579622
cat78,0.0001281468143736463
cat76,0.00011502985224047196
cat10,0.00010260676713823744
cat110,7.464764363085055e-05
cat40,6.322877994896107e-05
cat90,5.190152766738816e-05
cat99,3.128451302916132e-05
cat107,1.817097788806661e-05
cat108,1.6362549770192733e-05
cat92,0.0
cat91,0.0
cat3,0.0
cat83,0.0
cont10,0.0
cat84,0.0
cont5,0.0
cat85,0.0
cat86,0.0
cont4,0.0
cat96,0.0
cat95,0.0
cat97,0.0
cat89,0.0
cat102,0.0
cat93,0.0
cat8,0.0
cat98,0.0
cat15,0.0
cat13,0.0
cat77,0.0
cat46,0.0
cat45,0.0
cat43,0.0
cat42,0.0
cat41,0.0
cat39,0.0
cat35,0.0
cat34,0.0
cat33,0.0
cat32,0.0
cat31,0.0
cat30,0.0
cat29,0.0
cat28,0.0
cat24,0.0
cat22,0.0
cat21,0.0
cat20,0.0
cat19,0.0
cat18,0.0
cat17,0.0
cat47,0.0
cat48,0.0
cat49,0.0
cat62,0.0
cat75,0.0
cat74,0.0
cat16,0.0
cat70,0.0
cat69,0.0
cat67,0.0
cat65,0.0
cat64,0.0
cat63,0.0
cat61,0.0
cat50,0.0
cat60,0.0
cat59,0.0
cat58,0.0
cat14,0.0
cat56,0.0
cat55,0.0
cat54,0.0
cat52,0.0
cat51,0.0
cat66,0.0
