Feature,Coefficient,AbsCoefficient
cat57,4592.892158903032,4592.892158903032
cat103,3433.2700706970386,3433.2700706970386
cat41,-3422.819965332355,3422.819965332355
cat39,-3399.4147095654844,3399.4147095654844
cat45,-3298.2476304861634,3298.2476304861634
cat40,-3286.5660943963658,3286.5660943963658
cat43,-3273.0850580113233,3273.0850580113233
cat46,-3261.9016129641677,3261.9016129641677
cat36,-3128.8694441849866,3128.8694441849866
cat47,-2940.011095616539,2940.011095616539
cat37,-2909.0178385718978,2909.0178385718978
cat48,-2870.8116871539096,2870.8116871539096
cat38,-2818.9882822356635,2818.9882822356635
cat44,-2737.5093124739387,2737.5093124739387
cat42,-2638.6351728280056,2638.6351728280056
cat22,-2210.049163764074,2210.049163764074
cat64,2113.449093755181,2113.449093755181
cat89,-1418.7972358414177,1418.7972358414177
cat68,1401.9709266527166,1401.9709266527166
cat35,1355.6087615616307,1355.6087615616307
cat58,1340.4125859845806,1340.4125859845806
cat63,1329.5410712548555,1329.5410712548555
cat15,-1324.4068395318354,1324.4068395318354
cat59,1074.6353878110501,1074.6353878110501
cat34,957.994540469773,957.994540469773
cat56,951.1261826258797,951.1261826258797
cat7,943.7328163895561,943.7328163895561
cat62,928.939000640976,928.939000640976
cat53,847.200289900568,847.200289900568
cat19,837.1335788966227,837.1335788966227
cat32,819.7387819390516,819.7387819390516
cat51,799.7829633252998,799.7829633252998
cat26,768.982029264091,768.982029264091
cat12,690.2313072635436,690.2313072635436
cat79,638.7590451330129,638.7590451330129
cat27,595.7531762533928,595.7531762533928
cat17,571.2471988170199,571.2471988170199
cat80,-567.0978762542932,567.0978762542932
cat25,563.9568943593856,563.9568943593856
cat29,506.95887859613464,506.95887859613464
cat90,-496.93054668156674,496.93054668156674
cat49,473.9457008142981,473.9457008142981
cat23,464.08864766708166,464.08864766708166
cat21,-417.8642042893275,417.8642042893275
cont12,-416.69844860487024,416.69844860487024
cat20,411.5681687996321,411.5681687996321
cat85,400.52130162752474,400.52130162752474
cat81,-399.6213688808109,399.6213688808109
cat52,396.6056663036248,396.6056663036248
cat71,395.0627984601039,395.0627984601039
cat1,-392.8299486047636,392.8299486047636
cat78,383.4893368119179,383.4893368119179
cat87,375.9900959277122,375.9900959277122
cont7,373.8369566368035,373.8369566368035
cat50,369.6534499581592,369.6534499581592
cat30,366.61658603864674,366.61658603864674
cat6,-359.24579467911343,359.24579467911343
cat3,336.6172413426743,336.6172413426743
cont1,-330.2755958005526,330.2755958005526
cat77,326.5315077120752,326.5315077120752
cat2,319.1610550528843,319.1610550528843
cont2,315.79577695023204,315.79577695023204
cat73,-312.49753482810047,312.49753482810047
cat72,304.4797920694714,304.4797920694714
cat33,297.26444538002426,297.26444538002426
cont6,285.47830690246064,285.47830690246064
cat28,255.59552755208514,255.59552755208514
cat31,227.27459544236623,227.27459544236623
cat105,223.3896585618787,223.3896585618787
cat24,215.05182048927594,215.05182048927594
cat8,206.8339849893955,206.8339849893955
cat66,-204.9713943971875,204.9713943971875
cat61,-194.23568976607652,194.23568976607652
cat18,185.80021306006472,185.80021306006472
cat10,184.80136965684872,184.80136965684872
cat82,-174.60979924213598,174.60979924213598
cat60,168.58884182933025,168.58884182933025
cont14,162.34966378288755,162.34966378288755
cont9,155.29872777814455,155.29872777814455
cont3,148.3549785208911,148.3549785208911
cat104,148.21169791519168,148.21169791519168
cat76,147.32780432695947,147.32780432695947
cat88,140.48304456779468,140.48304456779468
cat16,125.23366179878624,125.23366179878624
cat75,-114.70648168778638,114.70648168778638
cat11,113.90265208193374,113.90265208193374
cat86,110.13532559849693,110.13532559849693
cat101,107.01442121424549,107.01442121424549
cat69,-94.52197952920051,94.52197952920051
cat74,-91.4237128641063,91.4237128641063
cat70,89.16563949334771,89.16563949334771
cont4,-84.57070188138479,84.57070188138479
cat111,-81.24483193396622,81.24483193396622
cont11,-80.95135460129688,80.95135460129688
cat4,77.71363824339511,77.71363824339511
cont8,69.99876608997386,69.99876608997386
cont13,-69.93165283011916,69.93165283011916
cat67,69.46199843971527,69.46199843971527
cat98,-64.50252096719053,64.50252096719053
cont5,61.07315412046262,61.07315412046262
cat96,60.78637520516982,60.78637520516982
cat13,58.88126985039344,58.88126985039344
cat114,42.26117323739635,42.26117323739635
cat84,-38.031837387483336,38.031837387483336
cat55,-37.61900478091667,37.61900478091667
cat14,36.91188339894106,36.91188339894106
cat5,36.08759213751736,36.08759213751736
cat97,33.298176129680144,33.298176129680144
cat83,-29.40351568394749,29.40351568394749
cat102,27.975943239103813,27.975943239103813
cat93,25.97750373852432,25.97750373852432
cat92,25.606766486347055,25.606766486347055
cat115,-24.178149477624117,24.178149477624117
cat106,-19.875525729805304,19.875525729805304
cat108,-15.10856151066173,15.10856151066173
cat100,12.106382083939991,12.106382083939991
cat9,-10.544311592650416,10.544311592650416
cat54,10.466580245973148,10.466580245973148
cat65,-10.006524359434565,10.006524359434565
cat95,7.9724578960743315,7.9724578960743315
cat99,-7.491055903972665,7.491055903972665
cont10,6.42774154862451,6.42774154862451
cat112,-5.489951217654152,5.489951217654152
cat91,-5.122529002455849,5.122529002455849
cat94,-4.490193658852263,4.490193658852263
cat113,-0.9950130604845526,0.9950130604845526
cat107,-0.7875712231497687,0.7875712231497687
cat109,0.6634701049892726,0.6634701049892726
cat116,0.04052649290204613,0.04052649290204613
cat110,0.0222845896830961,0.0222845896830961
