,correlation_with_loss
cat79,0.44205640621193915
cat87,0.3423128096670866
cat101,0.3421728843905528
cat12,0.30864330077889734
cat57,0.3080964721697487
cat10,0.27911141938569123
cat7,0.26736694217030477
cat89,0.25172991304402637
cat2,0.23234368675641756
cat11,0.22527891228988595
cat9,0.22368439269738058
cat72,0.21874785856688644
cat13,0.21531325635048357
cat3,0.19510519291077769
cat90,0.19094142070186507
cat16,0.18888344017207748
cat23,0.1627759540829403
cat103,0.1575463947840144
cat36,0.15167989065702853
cat111,0.15087682361935362
cont2,0.14336286714014765
cat40,0.12770018032470432
cat28,0.12371007056904969
cont7,0.11373501272606205
cont3,0.11123852907606296
cat4,0.10912419758569553
cat105,0.10704089260238413
cat14,0.10622212519099274
cat5,0.1009064945727478
cat38,0.09894932744722611
cat24,0.0974222473876049
cat94,0.09373874312557906
cont11,0.09340771789008592
cat41,0.0933360562178844
cont12,0.09258897385467127
cat8,0.09052187742576703
cat25,0.08831984277023822
cat102,0.0871671362500285
cat76,0.08569634474451415
cat29,0.0817345651232364
cat17,0.08143298836186849
cat85,0.07884524190722358
cat71,0.07510118597692103
cat45,0.07331971376693273
cat66,0.06359636486691417
cat65,0.06304844887360639
cat78,0.05811551859573943
cat100,0.05723489571222424
cat30,0.051169022697886396
cat44,0.05097314748691519
cat53,0.04935661383959697
cat43,0.04723986225633496
cat84,0.046597013594273096
cat18,0.046126740517125266
cat26,0.0438213885462158
cat19,0.04007694415180735
cont6,0.038767222770138894
cat51,0.037879172161657065
cat33,0.0375724181123526
cat46,0.03745342357816314
cat67,0.03686021202567353
cat34,0.03684583641516559
cat59,0.03570895325247945
cat52,0.03484226949975082
cont8,0.03440209317093835
cat58,0.03438732100577677
cat116,0.03035355992059843
cat104,0.02949920042477243
cat64,0.029293605752316973
cat47,0.02919607298077163
cat42,0.027176507257891655
cat49,0.02636237766262795
cat35,0.02591029352686535
cat32,0.025854548127031387
cat109,0.025017111510567118
cat20,0.024729165727470453
cat39,0.022845890246531032
cat68,0.02074723971723848
cat69,0.02058710652693601
cat61,0.02019560165985974
cat62,0.019812497354436864
cat37,0.019041466558422766
cat56,0.01849546030382105
cont14,0.01818040812837398
cat48,0.01814030580375986
cont10,0.016496061846621293
cont9,0.016426261816607092
cat55,0.015443334665304257
cat63,0.014778295566281649
cat74,0.013242900765416999
cat31,0.012899607449580767
cat77,0.012583872048069114
cat60,0.011068802274371877
cat22,0.01096438787544516
cat88,0.009241208848286756
cat54,0.0075403211526133196
cat21,0.007378040862808622
cat27,0.007318850023513751
cat93,0.0032670651719732963
cat15,0.0015602218832240975
cat92,0.00013936800581227426
cat70,8.530342245560364e-05
cat108,-0.0011210722626034018
cat97,-0.002724167027864595
cat107,-0.003393870626423126
cont5,-0.0038867224017121566
cont13,-0.005541707698301524
cat86,-0.008359470886420363
cont1,-0.010193080807450548
cat115,-0.017292360081631798
cat96,-0.01775860726902196
cat113,-0.019979021712650934
cat98,-0.021600103381096688
cat110,-0.022755107151110246
cat91,-0.02292508749329263
cat114,-0.02479308449242322
cat99,-0.02905958647880235
cat112,-0.029370512761813603
cat83,-0.029431406033579677
cont4,-0.032953812604183313
cat95,-0.041781446892266934
cat106,-0.061793382342761424
cat75,-0.07121913592700492
cat82,-0.1045638945457683
cat50,-0.10804111241878844
cat6,-0.11444110875713293
cat73,-0.15620173750921773
cat1,-0.22171617560994933
cat81,-0.26348177407244294
cat80,-0.4731659560794739
